No,Soal,Student_Answer,Feedback_Type,Generated_Feedback,dict_generated_feedback
1,"Jika x=5, maka nilai dari 3x+2 adalah …","Aduh, ribet amat! Hasilnya 2x² – 4 aja deh.",Try again + Delayed Topic Contingent,"{
  ""Feedback_Type"": ""Try again + Delayed Topic Contingent"",
  ""Feedback"": ""Kamu punya SPK dan SAL tinggi, jadi kita perbaiki langkahnya ya. Dari jawabanmu terlihat kamu menuliskan bentuk $2x^2 - 4$, yang tidak berasal dari ekspresi $3x+2$ ketika $x=5$. Kemungkinan besar ada salah substitusi atau penyederhanaan. \n\nCoba lagi dengan fokus pada langkah evaluasi yang benar:\n- Ganti semua kemunculan $x$ dalam ekspresi $3x+2$ dengan angka 5, sehingga ekspresinya menjadi $3\\cdot 5 + 2$.\n- Lakukan operasi menurut urutan: perkalian dulu, lalu penjumlahan.\n\nJangan khawatir jika belum mencapai jawaban akhir sekarang—kita akan membahas konsep evaluasi ekspresi di pelajaran berikutnya.\n\nCatatan topik yang akan datang (Delayed Topic Contingent): kita nanti akan bahas perbedaan antara bentuk aljabar dan hasil evaluasi numerik, serta cara menjaga konsistensi bentuk ekspresi saat substitusi.""
}",
2,Hasil dari (2x – 1)(x + 4) adalah....,Kayaknya hasilnya 2x^2 + 3x – 4 deh!,Try again + Delayed Topic Contingent,"{
  ""Feedback_Type"": ""Try again + Delayed Topic Contingent"",
  ""Feedback"": ""Kamu sudah mulai pakai FOIL, tapi ada kesalahan pada suku ber-x. Kamu menuliskan 3x, padahal saat mengalikan perlu memecah menjadi bagian ber-x seperti ini: 8x dari 2x dengan 4, dan -x dari -1 dengan x. Coba ulangi dengan langkah berikut: 1) Pakai distributive/FOIL: $ (2x - 1)(x + 4) = 2x(x + 4) - 1(x + 4) $. 2) Kembangkan masing-masing bagian: $ 2x(x + 4) = 2x^2 + 8x $, $ -1(x + 4) = -x - 4 $. 3) Gabungkan suku-suku ber-x: $ 2x^2 + 8x - x - 4 = 2x^2 + (8x - x) - 4 $. Coba lagi dan pastikan penjumlahan suku ber-x dilakukan dengan benar.""
}","{'Feedback_Type': 'Try again + Delayed Topic Contingent', 'Feedback': 'Kamu sudah mulai pakai FOIL, tapi ada kesalahan pada suku ber-x. Kamu menuliskan 3x, padahal saat mengalikan perlu memecah menjadi bagian ber-x seperti ini: 8x dari 2x dengan 4, dan -x dari -1 dengan x. Coba ulangi dengan langkah berikut: 1) Pakai distributive/FOIL: $ (2x - 1)(x + 4) = 2x(x + 4) - 1(x + 4) $. 2) Kembangkan masing-masing bagian: $ 2x(x + 4) = 2x^2 + 8x $, $ -1(x + 4) = -x - 4 $. 3) Gabungkan suku-suku ber-x: $ 2x^2 + 8x - x - 4 = 2x^2 + (8x - x) - 4 $. Coba lagi dan pastikan penjumlahan suku ber-x dilakukan dengan benar.'}"
3,Faktorisasi dari x^2 – 2x – 8 adalah....,"Ah, gampang nih! Jawabannya (x - 2)(x + 4).",Correct Response + Topic Contingent,"{
  ""Feedback_Type"": ""Correct Response + Topic Contingent"",
  ""Feedback"": ""Wah, kamu sudah semangat! Namun jawaban kamu belum sesuai untuk faktorisasi $x^2 - 2x - 8$. Jawabanmu adalah $(x-2)(x+4)$, kalau dikembangkan akan menjadi $x^2 + 2x - 8$, sedangkan yang ditanyakan adalah $x^2 - 2x - 8$.\n\nCara mengerjakannya (level SMP): kita cari dua bilangan $p$ dan $q$ yang hasil kalinya adalah $-8$ dan jumlahnya adalah $-2$, karena pada bentuk $x^2 + bx + c$ kita perlu pasangan $p, q$ dengan $p\\cdot q = c$ dan $p+q = b$ (di sini $b=-2$, $c=-8$).\n\nCoba cek lagi langkahnya: untuk faktorisasi ini, tentukan pasangan bilangan yang memenuhi $p\\cdot q = -8$ dan $p+q = -2$. Jika kamu bingung, tuliskan dulu semua pasangan bilangan yang bisa menghasilkan $-8$ dan lihat mana yang jumlahnya tepat. Gunakan cara membagikan tanda secara bergantian dan periksa tanda akhir hasil kali.\n\nAyo dicoba lagi ya! Kamu bisa kirim langkah-langkah yang kamu pakai, saya bantu cek langkah demi langkah.""
}",
4,"Jika x = –1, maka nilai dari (x + 2)(x – 3) adalah....","Wah, ini gampang! Jawabannya 10.",Try again + Delayed Topic Content,"{
  ""Feedback_Type"": ""Try again + Delayed Topic Content"",
  ""Feedback"": ""Wah, semangat banget! Jawabanmu 10 menunjukkan kepercayaan diri yang tinggi, tetapi tidak tepat untuk soal ini. Saat x = -1, evaluasi (x+2)(x-3) dengan substitusi ke tiap kurung, lalu kalikan hasilnya. Sering terjadi kesalahan karena salah tanda pada faktor kedua atau saat mengalikan.\n\nCoba lagi dengan langkah-langkah ini:\n- Substitusikan x = -1 ke setiap kurung: $(x+2)$ dan $(x-3)$. Perhatikan tanda dengan teliti.\n- Kalikan kedua hasil kurung tersebut dengan benar.\n- Jika ingin cek alternatif, perluas dulu menjadi $x^2 - x - 6$ (menggunakan FOIL), lalu substitusikan $x=-1$ secara bertahap.\n\nTopik Tunda (Delayed Topic Content): materi yang bisa dipelajari untuk persiapan berikutnya meliputi evaluasi ekspresi aljabar melalui substitusi, aturan tanda, dan teknik FOIL/distributive untuk memverifikasi hasil dengan cara yang berbeda.""
}","{'Feedback_Type': 'Try again + Delayed Topic Content', 'Feedback': 'Wah, semangat banget! Jawabanmu 10 menunjukkan kepercayaan diri yang tinggi, tetapi tidak tepat untuk soal ini. Saat x = -1, evaluasi (x+2)(x-3) dengan substitusi ke tiap kurung, lalu kalikan hasilnya. Sering terjadi kesalahan karena salah tanda pada faktor kedua atau saat mengalikan.\n\nCoba lagi dengan langkah-langkah ini:\n- Substitusikan x = -1 ke setiap kurung: $(x+2)$ dan $(x-3)$. Perhatikan tanda dengan teliti.\n- Kalikan kedua hasil kurung tersebut dengan benar.\n- Jika ingin cek alternatif, perluas dulu menjadi $x^2 - x - 6$ (menggunakan FOIL), lalu substitusikan $x=-1$ secara bertahap.\n\nTopik Tunda (Delayed Topic Content): materi yang bisa dipelajari untuk persiapan berikutnya meliputi evaluasi ekspresi aljabar melalui substitusi, aturan tanda, dan teknik FOIL/distributive untuk memverifikasi hasil dengan cara yang berbeda.'}"
5,Hasil dari (3x – 2)(x + 1) adalah....,"Hmm, salah deh kayaknya. Kan harusnya $3x^2 - 2$ aja.",Correct Response + Response Contingent,,
6,"Jika x = 4, maka nilai dari x^3 – 2x^2 + 3x – 1 adalah....","Wah, ini gampang banget! Jawabannya 4^3 = 64.",Correct Response + Response Contingent,"{
  ""Feedback_Type"": ""Correct Response + Response Contingent"",
  ""Feedback"": ""Wah, semangat! Kamu benar bahwa bagian pertama dari ekspresi adalah $x^3$, jadi kalau $x=4$ maka $x^3 = 4^3 = 64$. Namun kamu belum menghitung bagian lain dari ekspresi $-2x^2 + 3x - 1$. Coba lihat langkah substitusi berikut:\n\n- $x^3$ → $4^3$\n- $-2x^2$ → $-2(4^2)$\n- $+3x$ → $3(4)$\n- $-1$ → $-1$\n\nHitung masing-masing suku: $4^3 = 64$, $-2(4^2) = -32$, $3(4) = 12$, $-1 = -1$\n\nUntuk mendapatkan nilai akhir, jumlahkan semua hasil suku tersebut. Coba lakukan sendiri sekarang ya, dan kalau mau, saya bantu cek langkah-langkahnya bersama.""
}","{'Feedback_Type': 'Correct Response + Response Contingent', 'Feedback': 'Wah, semangat! Kamu benar bahwa bagian pertama dari ekspresi adalah $x^3$, jadi kalau $x=4$ maka $x^3 = 4^3 = 64$. Namun kamu belum menghitung bagian lain dari ekspresi $-2x^2 + 3x - 1$. Coba lihat langkah substitusi berikut:\n\n- $x^3$ → $4^3$\n- $-2x^2$ → $-2(4^2)$\n- $+3x$ → $3(4)$\n- $-1$ → $-1$\n\nHitung masing-masing suku: $4^3 = 64$, $-2(4^2) = -32$, $3(4) = 12$, $-1 = -1$\n\nUntuk mendapatkan nilai akhir, jumlahkan semua hasil suku tersebut. Coba lakukan sendiri sekarang ya, dan kalau mau, saya bantu cek langkah-langkahnya bersama.'}"
7,Sederhanakan: 2x – 3(x – 2),"Aduh, ribet amat! Jawabannya 5x - 6.",Correct Response + Response Contingent,"{
  ""Feedback_Type"": ""Correct Response + Response Contingent"",
  ""Feedback"": ""Wah, semangat ya! Jawabanmu $5x - 6$ tidak sesuai dengan langkah penyederhanaan soal ini. Sepertinya kamu salah pada bagian distribusi.\n\nYang perlu dicek:\n- Distribusi terhadap $-3(x-2)$: $-3(x-2) = -3x + 6$.\n- Lalu gabungkan dengan $2x$ sehingga bentuknya menjadi $2x + (-3x) + 6$.\n- Langkah selanjutnya adalah menggabungkan suku-suku sejenis (koefisien $x$ dan konstanta). Coba lanjutkan dari langkah ini untuk mendapatkan jawaban akhirnya. Jika mau, aku bisa cek langkahmu satu per satu.""
}","{'Feedback_Type': 'Correct Response + Response Contingent', 'Feedback': 'Wah, semangat ya! Jawabanmu $5x - 6$ tidak sesuai dengan langkah penyederhanaan soal ini. Sepertinya kamu salah pada bagian distribusi.\n\nYang perlu dicek:\n- Distribusi terhadap $-3(x-2)$: $-3(x-2) = -3x + 6$.\n- Lalu gabungkan dengan $2x$ sehingga bentuknya menjadi $2x + (-3x) + 6$.\n- Langkah selanjutnya adalah menggabungkan suku-suku sejenis (koefisien $x$ dan konstanta). Coba lanjutkan dari langkah ini untuk mendapatkan jawaban akhirnya. Jika mau, aku bisa cek langkahmu satu per satu.'}"
8,Hasil dari (x + 3)^2 adalah....,"Ah, gampang nih! Pasti jawabannya x^2 + 9 aja, kan?",Correct Response + Response Contingent,,
9,"Nilai dari (2a + b)(a – b) jika a = 1, b = –2 adalah....","Hmm, gampang! Jawabannya 12, kan?",Correct Response + Response Contingent,"{
  ""Feedback_Type"": ""Correct Response + Response Contingent"",
  ""Feedback"": ""Wah, kamu bilang 12. Sepertinya ada kesalahan saat substitusi nilai a dan b ke dalam ekspresi (2a + b)(a - b). Perhatikan tanda pada b yang bernilai -2.\n\nLangkah yang perlu dicek:\n- Ganti a = 1 dan b = -2 ke dalam bagian kurung: $2a + b$ dan $a - b$.\n- Susun substitusinya secara tepat: $2 \\cdot 1 + (-2)$ dan $1 - (-2)$.\n- Kalikan kedua hasil kurung tersebut.\n\nCoba ulangi ya, kita cek langkah demi langkah dan fokus pada tanda negatif pada b. Kamu bisa menuliskan langkah-langkahnya lagi dan kita evaluasi bersama.""
}",
10,"Bentuk aljabar dari ""dua kali selisih x dan y"" adalah....","""Dua kali selisih x dan y"", kan? Berarti 2x - y, kayaknya.",Correct Response + Response Contingent,"{
  ""Feedback_Type"": ""Correct Response + Response Contingent"",
  ""Feedback"": ""Wah, kamu sudah mulai menangkap maksud dari kata 'dua kali'. Namun ada kekeliruan kecil: 'dua kali selisih x dan y' berarti mengalikan 2 dengan seluruh selisih, yaitu seluruh bagian di dalam tanda kurung, bukan hanya mengalikan 2 ke salah satu komponen. Artinya setiap elemen di dalam selisih perlu turut dikalikan 2. Coba perbaiki dengan langkah-langkah berikut: 1) identifikasi bahwa ada kurung yang berisi selisih $(x - y)$; 2) kalikan 2 ke seluruh isi kurung tersebut (semua anggota di dalam kurung); 3) tulis ulang bentuknya tanpa mengubah arti operasi di dalam kurung. Coba cek dengan contoh sederhana untuk melihat perbedaannya: misalnya beri nilai pada x dan y dan bandingkan jawabanmu sebelum dan sesudah menggunakan cara yang benar. Jika mau, kita bisa latihan lagi bareng supaya kamu makin mantap.""
}","{'Feedback_Type': 'Correct Response + Response Contingent', 'Feedback': ""Wah, kamu sudah mulai menangkap maksud dari kata 'dua kali'. Namun ada kekeliruan kecil: 'dua kali selisih x dan y' berarti mengalikan 2 dengan seluruh selisih, yaitu seluruh bagian di dalam tanda kurung, bukan hanya mengalikan 2 ke salah satu komponen. Artinya setiap elemen di dalam selisih perlu turut dikalikan 2. Coba perbaiki dengan langkah-langkah berikut: 1) identifikasi bahwa ada kurung yang berisi selisih $(x - y)$; 2) kalikan 2 ke seluruh isi kurung tersebut (semua anggota di dalam kurung); 3) tulis ulang bentuknya tanpa mengubah arti operasi di dalam kurung. Coba cek dengan contoh sederhana untuk melihat perbedaannya: misalnya beri nilai pada x dan y dan bandingkan jawabanmu sebelum dan sesudah menggunakan cara yang benar. Jika mau, kita bisa latihan lagi bareng supaya kamu makin mantap.""}"
11,Hasil dari (x – 1)(x – 5) adalah....,"Aduh, gampang! x^2 – 5, kan?",Try again + Delayed Topic Contingent,"{
  ""Feedback_Type"": ""Try again + Delayed Topic Contingent"",
  ""Feedback"": ""Wah, semangat! Kamu sudah mulai benar dengan berpikir tentang bentuk hasilnya. Yang keliru adalah bagian ekspansi: kamu kehilangan dua langkah penting saat mengalikan setiap pasangan tanda. Coba ulang dengan menggunakan pola FOIL (First, Outer, Inner, Last):\n\nFirst: $x\\cdot x = x^2$\nOuter: $x\\cdot (-5) = -5x$\nInner: $(-1)\\cdot x = -x$\nLast: $(-1)\\cdot(-5) = 5$\n\nKemudian gabungkan hasilnya menjadi satu ekspresi. Kesalahan umum adalah menumpuk hanya $x^2$ dan konstanta, tanpa menyatukan suku-suku $x$ yang memiliki koefisien. Coba ulang soal ini lagi dengan langkah-langkah di atas dan tulis ekspresinya sendiri.\n\nCatatan: Topik terkait yang akan kita bahas nanti (Delayed Topic Contingent) adalah bagaimana memeriksa hasil perkalian dengan cara lain dan mempercepat perhitungan ekspresi kuadrat menggunakan pola aljabar yang relevan.""
}",
12,Nilai dari 3(x – 2) – 4(x + 1) adalah....,"Waduh, ini gampang banget! Jawabannya –x + 10, kan?",Correct Response + Topic Contingent,"{
  ""Feedback_Type"": ""Correct Response + Topic Contingent"",
  ""Feedback"": ""Wah, semangat ya! Kamu punya SPK yang tinggi, tapi jawabanmu belum tepat. Kesalahannya ada pada mendistribusikan tanda di bagian -4(x + 1). Tanda negatif seharusnya diterapkan ke seluruh isi kurung, jadi distribusinya menjadi $-4(x+1) = -4x - 4$. Lanjutkan dengan menjumlahkan suku-suku sejenis antara bagian pertama dan bagian kedua. Contohnya: $3(x-2) = 3x - 6$; $-4(x+1) = -4x - 4$; gabungkan suku-suku sejenis: koefisien x berasal dari $3x$ dan $-4x$, sedangkan konstanta berasal dari $-6$ dan $-4$. Coba kamu lanjutkan langkah akhirnya untuk menuliskan bentuk yang terlengkap tanpa saya kasih jawaban akhirnya. Jika mau, saya bisa cek jawabanmu setelah kamu kirimkan langkah-langkah yang sudah kamu lakukan.""
}","{'Feedback_Type': 'Correct Response + Topic Contingent', 'Feedback': 'Wah, semangat ya! Kamu punya SPK yang tinggi, tapi jawabanmu belum tepat. Kesalahannya ada pada mendistribusikan tanda di bagian -4(x + 1). Tanda negatif seharusnya diterapkan ke seluruh isi kurung, jadi distribusinya menjadi $-4(x+1) = -4x - 4$. Lanjutkan dengan menjumlahkan suku-suku sejenis antara bagian pertama dan bagian kedua. Contohnya: $3(x-2) = 3x - 6$; $-4(x+1) = -4x - 4$; gabungkan suku-suku sejenis: koefisien x berasal dari $3x$ dan $-4x$, sedangkan konstanta berasal dari $-6$ dan $-4$. Coba kamu lanjutkan langkah akhirnya untuk menuliskan bentuk yang terlengkap tanpa saya kasih jawaban akhirnya. Jika mau, saya bisa cek jawabanmu setelah kamu kirimkan langkah-langkah yang sudah kamu lakukan.'}"
13,Faktorisasi dari x^2 + 5x + 6 adalah....,"Kayaknya salah deh, harusnya (x + 6)(x + 1) aja!",Correct Response + Topic Contingent,"{
  ""Feedback_Type"": ""Correct Response + Topic Contingent"",
  ""Feedback"": ""Wah, kamu sudah berusaha. Jawabanmu $(x+6)(x+1)$ memang terlihat seperti bentuk faktorisasi, tapi untuk $x^2 + 5x + 6$ ekspansi dari itu menjadi $x^2 + 7x + 6$, bukan $x^2 + 5x + 6$. Jadi jawabanmu tidak tepat.\n\nKunci konsepnya: untuk memfaktorkan trinomials kuadrat tanpa koefisien di depan x, kita cari dua bilangan a dan b yang jumlahnya sama dengan koefisien x (5) dan hasil kalinya sama dengan konstan (6).\n\nLangkah praktis yang bisa kamu pakai sekarang:\n- Langkah 1: Tuliskan dua bilangan a dan b dengan syarat a + b = 5 dan ab = 6.\n- Langkah 2: Jika kamu menemukan pasangan yang memenuhi syarat, faktorkan jadi $(x+a)(x+b)$.\n\nKarena kamu punya SPK tinggi, ayo kita cek langkah-langkahnya bersama. Jika mau, kita bisa latihan bareng dan kamu coba lagi sampai menemukan pasangan yang tepat.""
}","{'Feedback_Type': 'Correct Response + Topic Contingent', 'Feedback': 'Wah, kamu sudah berusaha. Jawabanmu $(x+6)(x+1)$ memang terlihat seperti bentuk faktorisasi, tapi untuk $x^2 + 5x + 6$ ekspansi dari itu menjadi $x^2 + 7x + 6$, bukan $x^2 + 5x + 6$. Jadi jawabanmu tidak tepat.\n\nKunci konsepnya: untuk memfaktorkan trinomials kuadrat tanpa koefisien di depan x, kita cari dua bilangan a dan b yang jumlahnya sama dengan koefisien x (5) dan hasil kalinya sama dengan konstan (6).\n\nLangkah praktis yang bisa kamu pakai sekarang:\n- Langkah 1: Tuliskan dua bilangan a dan b dengan syarat a + b = 5 dan ab = 6.\n- Langkah 2: Jika kamu menemukan pasangan yang memenuhi syarat, faktorkan jadi $(x+a)(x+b)$.\n\nKarena kamu punya SPK tinggi, ayo kita cek langkah-langkahnya bersama. Jika mau, kita bisa latihan bareng dan kamu coba lagi sampai menemukan pasangan yang tepat.'}"
14,"Jika a = 2, maka nilai dari 2a^2 – 5a + 3 adalah....","Gak pake ribet, hasilnya 17 lah!",Correct Response + Topic Contingent,"{
  ""Feedback_Type"": ""Correct Response + Topic Contingent"",
  ""Feedback"": ""Wah, bagus sudah berani mencoba soal aljabar. Namun jawaban 17 tidak sesuai dengan evaluasi ekspresi ketika a = 2. Kesalahan umum bisa terjadi saat menambahkan atau menuliskan tanda pada suku-suku, sehingga hasil akhirnya keliru. Coba cek lagi dengan langkah-langkah berikut tanpa langsung mencari nilai akhirnya.\n\nLangkah-langkah (tanpa membocorkan jawaban akhir):\n1) Ganti a dengan 2 pada ekspresi: $2a^2 - 5a + 3 \\to 2(2)^2 - 5(2) + 3$.\n2) Evaluasi tiap bagian secara terpisah: hitung $a^2$, lalu kalikan dengan 2 untuk mendapatkan $2a^2$, hitung $-5a$, dan tambahkan $+3$.\n3) Gabungkan hasil-hasil bagian dengan tanda yang benar.\n\nCoba tuliskan lagi jawabanmu dengan langkah-langkah tersebut dan jelaskan bagaimana kamu menggabungkan bagian-bagian itu. Aku bisa bantu cek langkah-langkannya bersama-sama.""
}","{'Feedback_Type': 'Correct Response + Topic Contingent', 'Feedback': 'Wah, bagus sudah berani mencoba soal aljabar. Namun jawaban 17 tidak sesuai dengan evaluasi ekspresi ketika a = 2. Kesalahan umum bisa terjadi saat menambahkan atau menuliskan tanda pada suku-suku, sehingga hasil akhirnya keliru. Coba cek lagi dengan langkah-langkah berikut tanpa langsung mencari nilai akhirnya.\n\nLangkah-langkah (tanpa membocorkan jawaban akhir):\n1) Ganti a dengan 2 pada ekspresi: $2a^2 - 5a + 3 \\to 2(2)^2 - 5(2) + 3$.\n2) Evaluasi tiap bagian secara terpisah: hitung $a^2$, lalu kalikan dengan 2 untuk mendapatkan $2a^2$, hitung $-5a$, dan tambahkan $+3$.\n3) Gabungkan hasil-hasil bagian dengan tanda yang benar.\n\nCoba tuliskan lagi jawabanmu dengan langkah-langkah tersebut dan jelaskan bagaimana kamu menggabungkan bagian-bagian itu. Aku bisa bantu cek langkah-langkannya bersama-sama.'}"
15,Bentuk sederhana dari (2x – 5) – (3x – 2) adalah....,"Duh, ini sih gampang! Jawabannya 5x – 7!",Try again + Delayed Topic Content,"{
  ""Feedback_Type"": ""Try again + Delayed Topic Content"",
  ""Feedback"": ""Keren ya punya SPK dan SAL tinggi! Kesalahannya terletak pada cara mengurangi kurung kedua. Saat ada tanda minus sebelum (3x - 2), tanda minus harus diterapkan ke semua anggota di dalam kurung tersebut. Coba perhatikan langkah berikut secara eksplisit: $ (2x - 5) - (3x - 2) = 2x - 5 - 3x + 2 $. Setelah itu, fokuskan pada menggabungkan suku-suku sejenis (suku x dan konstanta) untuk menyederhanakan langkah ini. Coba lagi ya, dan jika mau, ceritakan jawaban akhirnya setelah kamu mencoba langkah-langkah itu. Nantikan juga pembahasan singkat tentang distribusi tanda negatif pada kurung untuk memperkuat konsep ini.""
}","{'Feedback_Type': 'Try again + Delayed Topic Content', 'Feedback': 'Keren ya punya SPK dan SAL tinggi! Kesalahannya terletak pada cara mengurangi kurung kedua. Saat ada tanda minus sebelum (3x - 2), tanda minus harus diterapkan ke semua anggota di dalam kurung tersebut. Coba perhatikan langkah berikut secara eksplisit: $ (2x - 5) - (3x - 2) = 2x - 5 - 3x + 2 $. Setelah itu, fokuskan pada menggabungkan suku-suku sejenis (suku x dan konstanta) untuk menyederhanakan langkah ini. Coba lagi ya, dan jika mau, ceritakan jawaban akhirnya setelah kamu mencoba langkah-langkah itu. Nantikan juga pembahasan singkat tentang distribusi tanda negatif pada kurung untuk memperkuat konsep ini.'}"
16,Hasil dari 2a – (–3a + 4) adalah....,"Aduh, ribet amat! Kan jadinya 2a + 3a + 4, jadi 5a + 4? Eh, salah ya? Jadi 5a – 4 aja deh.",Correct Response + Response Contingent,"{
  ""Feedback_Type"": ""Correct Response + Response Contingent"",
  ""Feedback"": ""Kamu sudah mencoba, tetapi ada kesalahan pada cara menghilangkan kurung ketika ada tanda minus di depannya. Ingat aturan: jika ada bentuk a – (b + c), kita ubah menjadi a – b – c. Dalam soal ini, $2a - ( -3a + 4 )$ seharusnya ditulis sebagai $2a - ( -3a ) - 4$. Karena $-( -3a) = +3a$, langkah selanjutnya akan menghasilkan $2a + 3a - 4$. Langkah ini menunjukkan mengapa tanda di dalam kurung perlu diperlakukan secara teliti. Coba ulangi langkahnya dengan pola ini dan cek apakah semua tanda telah dipakai dengan benar. Jika kamu mau, saya bisa bantu cek langkah demi langkah lagi atau kasih beberapa latihan serupa.""
}","{'Feedback_Type': 'Correct Response + Response Contingent', 'Feedback': 'Kamu sudah mencoba, tetapi ada kesalahan pada cara menghilangkan kurung ketika ada tanda minus di depannya. Ingat aturan: jika ada bentuk a – (b + c), kita ubah menjadi a – b – c. Dalam soal ini, $2a - ( -3a + 4 )$ seharusnya ditulis sebagai $2a - ( -3a ) - 4$. Karena $-( -3a) = +3a$, langkah selanjutnya akan menghasilkan $2a + 3a - 4$. Langkah ini menunjukkan mengapa tanda di dalam kurung perlu diperlakukan secara teliti. Coba ulangi langkahnya dengan pola ini dan cek apakah semua tanda telah dipakai dengan benar. Jika kamu mau, saya bisa bantu cek langkah demi langkah lagi atau kasih beberapa latihan serupa.'}"
17,Faktorisasi dari x^2 – 9 adalah....,"Wah, ini mah gampang! Kayaknya (x – 3) doang deh.",Correct Response + Topic Contingent,"{
  ""Feedback_Type"": ""Correct Response + Topic Contingent"",
  ""Feedback"": ""Wah, semangat! Kamu sebenarnya sudah punya pemahaman tentang pola faktorisasi, tapi jawabanmu belum lengkap. Kamu mengira faktor yang tepat hanya (x-3). Padahal x^2 - 9 adalah selisih dua kuadrat, jadi ada dua faktor yang muncul ketika difaktorkan. Pola umum yang bisa dipakai adalah a^2 - b^2 = (a - b)(a + b). Jika kita pakai a = x dan b = 3, pola itu bisa dipakai untuk menentukan keduanya. Coba lanjutkan dengan mengganti a dan b pada pola tersebut dan tulis kedua faktornya (tanpa menuliskan jawaban akhirnya di sini) untuk memeriksa kerja kamu. Kamu bisa tulis jawabanmu nanti, saya bantu cek langkah-langkahnya.""
}","{'Feedback_Type': 'Correct Response + Topic Contingent', 'Feedback': 'Wah, semangat! Kamu sebenarnya sudah punya pemahaman tentang pola faktorisasi, tapi jawabanmu belum lengkap. Kamu mengira faktor yang tepat hanya (x-3). Padahal x^2 - 9 adalah selisih dua kuadrat, jadi ada dua faktor yang muncul ketika difaktorkan. Pola umum yang bisa dipakai adalah a^2 - b^2 = (a - b)(a + b). Jika kita pakai a = x dan b = 3, pola itu bisa dipakai untuk menentukan keduanya. Coba lanjutkan dengan mengganti a dan b pada pola tersebut dan tulis kedua faktornya (tanpa menuliskan jawaban akhirnya di sini) untuk memeriksa kerja kamu. Kamu bisa tulis jawabanmu nanti, saya bantu cek langkah-langkahnya.'}"
18,"Jika y = –2, maka nilai dari y^3 + 3y^2 + y adalah....","Aduh, susah banget. Jawabannya 6 aja deh!",Correct Response + Response Contingent,"{
  ""Feedback_Type"": ""Correct Response + Response Contingent"",
  ""Feedback"": ""Aduh, tidak apa-apa, ayo kita cek bareng. Jawabannya 6 berarti ada kesalahan saat menghitung substitusinya. Kamu sebenarnya bisa, mari kita lihat langkah-langkahnya.\n\nLangkah cek:\n- Substitusikan y = -2 ke ekspresi: $y^3 + 3y^2 + y$.\n- Hitung bagian-bagiannya satu per satu:\n  • $y^3 = (-2)^3$,\n  • $3y^2 = 3(-2)^2$,\n  • $y = -2$.\n- Tetap perhatikan tanda saat menjumlahkan: gabungkan hasil-hasil bagian tersebut dengan tanda yang benar, misalnya sebagai (-8), (+12), (-2).\n- Lakukan penjumlahan secara bertahap: jumlahkan dua bagian dulu, lalu tambahkan bagian yang terakhir, pastikan tanda-tanda tepat.\n\nCoba cek kembali langkah-langkah tersebut. Kalau perlu, kita bisa cek bareng langkah demi langkah sampai kamu merasa yakin, tanpa langsung melihat jawabannya.""
}","{'Feedback_Type': 'Correct Response + Response Contingent', 'Feedback': 'Aduh, tidak apa-apa, ayo kita cek bareng. Jawabannya 6 berarti ada kesalahan saat menghitung substitusinya. Kamu sebenarnya bisa, mari kita lihat langkah-langkahnya.\n\nLangkah cek:\n- Substitusikan y = -2 ke ekspresi: $y^3 + 3y^2 + y$.\n- Hitung bagian-bagiannya satu per satu:\n  • $y^3 = (-2)^3$,\n  • $3y^2 = 3(-2)^2$,\n  • $y = -2$.\n- Tetap perhatikan tanda saat menjumlahkan: gabungkan hasil-hasil bagian tersebut dengan tanda yang benar, misalnya sebagai (-8), (+12), (-2).\n- Lakukan penjumlahan secara bertahap: jumlahkan dua bagian dulu, lalu tambahkan bagian yang terakhir, pastikan tanda-tanda tepat.\n\nCoba cek kembali langkah-langkah tersebut. Kalau perlu, kita bisa cek bareng langkah demi langkah sampai kamu merasa yakin, tanpa langsung melihat jawabannya.'}"
19,Sederhanakan: 3x + 2(x – 4),Kayaknya hasilnya 5x - 4 deh.,Correct Response + Response Contingent,"{
  ""Feedback_Type"": ""Correct Response + Response Contingent"",
  ""Feedback"": ""Keren sudah mencoba! Dari jawabanmu, terlihat ada kesalahan pada distribusi. Kesalahan utama: 2(x-4) tidak sama dengan 2x - 4. Seharusnya $2(x-4) = 2x - 8$.\n\nLangkah yang benar secara bertahap (tanpa menuliskan jawaban akhirnya):\n- Distribusikan kurung: $3x + 2(x-4) = 3x + (2x - 8)$.\n- Gabungkan suku-suku sejenis: suku x berasal dari $3x$ dan $2x$, sedangkan konstanta yang tersisa adalah $-8$.\n\nCoba lanjutkan dengan langkah-langkah di atas untuk melihat bagaimana ekspresi ini direduksi lebih lanjut. Jika mau, kita bisa latihan contoh lain bersama.""
}","{'Feedback_Type': 'Correct Response + Response Contingent', 'Feedback': 'Keren sudah mencoba! Dari jawabanmu, terlihat ada kesalahan pada distribusi. Kesalahan utama: 2(x-4) tidak sama dengan 2x - 4. Seharusnya $2(x-4) = 2x - 8$.\n\nLangkah yang benar secara bertahap (tanpa menuliskan jawaban akhirnya):\n- Distribusikan kurung: $3x + 2(x-4) = 3x + (2x - 8)$.\n- Gabungkan suku-suku sejenis: suku x berasal dari $3x$ dan $2x$, sedangkan konstanta yang tersisa adalah $-8$.\n\nCoba lanjutkan dengan langkah-langkah di atas untuk melihat bagaimana ekspresi ini direduksi lebih lanjut. Jika mau, kita bisa latihan contoh lain bersama.'}"
20,Hasil dari –x^2 + 2x – 1 jika x = –2 adalah....,"Kayaknya hasilnya -9 deh, salah hitung kali ya?",Verification + Delayed Correct Response + Response Contingent,"{
  ""Feedback_Type"": ""Verification + Delayed Correct Response + Response Contingent"",
  ""Feedback"": ""Bagus, kamu menyadari bisa saja salah perhitungan. Kita cek langkahnya untuk memastikan tanpa langsung menuliskan hasil akhirnya. Kemungkinan kesalahan umum di soal seperti ini adalah salah memahami -x^2: artinya minus dari x^2, bukan kuadrat dari -x. Jadi saat kamu substitusi x = -2, lakukan langkah-langkah ini:\n- Ganti x dengan -2.\n- Hitung bagian-bagian: $(-2)^2 = 4$, sehingga $-x^2 = -4$.\n- $2x = 2(-2) = -4$.\n- Kemudian tambahkan: $(-4) + (-4) - 1$.\nKamu punya SPK rendah tapi SAL tinggi, jadi jika kamu berhati-hati dengan tanda-tanda ini, hasil akhirnya bisa benar. Jika kamu ingin, saya bisa lanjutkan dengan menampilkan jawaban akhirnya setelah kita konfirmasi semua langkah, supaya kamu bisa melihat apakah tebakanmu tepat. Coba tulis jumlah akhirnya sendiri untuk latihan ini dan cek apakah langkah-langkahmu konsisten.""
}","{'Feedback_Type': 'Verification + Delayed Correct Response + Response Contingent', 'Feedback': 'Bagus, kamu menyadari bisa saja salah perhitungan. Kita cek langkahnya untuk memastikan tanpa langsung menuliskan hasil akhirnya. Kemungkinan kesalahan umum di soal seperti ini adalah salah memahami -x^2: artinya minus dari x^2, bukan kuadrat dari -x. Jadi saat kamu substitusi x = -2, lakukan langkah-langkah ini:\n- Ganti x dengan -2.\n- Hitung bagian-bagian: $(-2)^2 = 4$, sehingga $-x^2 = -4$.\n- $2x = 2(-2) = -4$.\n- Kemudian tambahkan: $(-4) + (-4) - 1$.\nKamu punya SPK rendah tapi SAL tinggi, jadi jika kamu berhati-hati dengan tanda-tanda ini, hasil akhirnya bisa benar. Jika kamu ingin, saya bisa lanjutkan dengan menampilkan jawaban akhirnya setelah kita konfirmasi semua langkah, supaya kamu bisa melihat apakah tebakanmu tepat. Coba tulis jumlah akhirnya sendiri untuk latihan ini dan cek apakah langkah-langkahmu konsisten.'}"
21,"Bentuk aljabar dari ""jumlah dari dua kali x dan 7"" adalah....","Duh, gampang! Pasti 2(x + 7) kan?",Correct Response + Response Contingent,,
22,Sederhanakan: (x + 4)(x + 1),"Hmm, gampang! Hasilnya x^2 + 4.",Try again + Delayed Topic Content,"{
  ""Feedback_Type"": ""Try again + Delayed Topic Content"",
  ""Feedback"": ""Kamu bisa dibilang cukup yakin dengan konsepnya, tapi ada kesalahan saat menerapkan distributive property pada perkalian dua kurung. Saat mengalikan dua binomial, kita perlu mengalikan setiap suku di dalam kurung pertama dengan setiap suku di dalam kurung kedua (FOIL). Coba tuliskan langkah-langkahnya secara eksplisit, misalnya: $(x+4)(x+1) = x\\cdot x + x\\cdot 1 + 4\\cdot x + 4\\cdot 1$. Setelah itu jumlahkan suku-suku sejenis. Ayo, kamu bisa jika mengikuti urutan itu. Nanti kita bahas konsep penyederhanaan polinomial lebih lanjut pada topik berikutnya.""
}",
23,Hasil dari 2x^2 + 3x – 5 jika x = –1 adalah....,"Hmm, kalau x = -1, berarti 2(-1)^2 + 3(-1) – 5... 2(1) - 3 - 5. Jadi 2 - 8 = -6. Eh, salah deng! Aku dapatnya 0 aja.",Try again + Delayed Topic Contingent,,
24,"Nilai dari (x^2 – y^2) saat x = 5, y = 3 adalah....","Kayaknya 4 deh. Soalnya 5 kuadrat kan 25, 3 kuadrat 9. Terus 25 kurang 9, eh, kok beda ya? Ah, 4 aja lah.",Try again + Delayed Topic Content,"{
  ""Feedback_Type"": ""Try again + Delayed Topic Content"",
  ""Feedback"": ""Kamu sudah mulai menuliskan langkah-langkahnya, tetapi ada kesalahan pada perhitungan selisihnya. Perhatikan langkah-langkahnya: hitung dulu $x^2$ dan $y^2$, lalu kurangi keduanya dengan tanda minus. Contoh: nilai $x^2$ adalah $5^2$ dan $y^2$ adalah $3^2$, kemudian lakukan pengurangan dengan teliti. Karena kita akan bahas konsep diferensi kuadrat nanti (delayed topic content), kita fokus dulu pada akurasi perhitungan angka ini. Coba kerjakan lagi dan kirim langkah-langkahnya supaya aku bisa cek.""
}","{'Feedback_Type': 'Try again + Delayed Topic Content', 'Feedback': 'Kamu sudah mulai menuliskan langkah-langkahnya, tetapi ada kesalahan pada perhitungan selisihnya. Perhatikan langkah-langkahnya: hitung dulu $x^2$ dan $y^2$, lalu kurangi keduanya dengan tanda minus. Contoh: nilai $x^2$ adalah $5^2$ dan $y^2$ adalah $3^2$, kemudian lakukan pengurangan dengan teliti. Karena kita akan bahas konsep diferensi kuadrat nanti (delayed topic content), kita fokus dulu pada akurasi perhitungan angka ini. Coba kerjakan lagi dan kirim langkah-langkahnya supaya aku bisa cek.'}"
25,Bentuk sederhana dari 4x – [2x – (x – 3)] adalah....,"Gini aja, 4x – 2x – x + 3, jadi 1x + 3. Jawabannya x + 3.",Correct Response + Response Contingent,,
26,Hasil dari (a – 2)(a + 2) adalah....,"Lupa dikalikan silang, jadi hasilnya (a^2 – 4a + 4).",Try again + Delayed Topic Contingent,"{
  ""Feedback_Type"": ""Try again + Delayed Topic Contingent"",
  ""Feedback"": ""Keren sudah mencoba, SPK dan SAL kamu tinggi; mari perbaiki satu bagian kecil. Kesalahanmu: kamu tidak mengalikan silang dengan benar saat melakukan distribusi, sehingga koefisien pada suku $a$ tidak tepat. Pada ekspansi $(a-2)(a+2)$, suku-suku silang (+2a dan -2a) seharusnya saling membatalkan, sehingga tidak ada sisa koefisien $a$ di hasil akhirnya. Coba lagi dengan langkah FOIL yang terstruktur:\n- Langkah FOIL (First, Outer, Inner, Last):\n  • First: $a \\cdot a$\n  • Outer: $a \\cdot 2$\n  • Inner: $(-2) \\cdot a$\n  • Last: $(-2) \\cdot 2$\n- Kemudian jumlahkan semua hasilnya. Perhatikan bahwa Outer dan Inner berlawanan tanda, sehingga koefisien $a$ bisa nol setelah dijumlahkan.\n\nJika kamu ingin lebih memahami, nanti kita akan membahas identitas aljabar yang terkait: rumus selisih kuadrat $(a-b)(a+b) = a^2 - b^2$, yang akan membantu memahami pola ekspansi seperti ini.\nSelamat mencoba lagi ya!""
}",
27,"Jika x = –1, maka nilai dari x^3 – 2x^2 + x adalah....","Eh, gampang! Kan x-nya -1, jadi hasilnya 4 dong.",Correct Response + Topic Contingent,"{
  ""Feedback_Type"": ""Correct Response + Topic Contingent"",
  ""Feedback"": ""Bagus banget semangatnya! Kamu sudah mulai paham bahwa soal ini terkait substitusi ke dalam polinomial, tetapi perhitungannya kurang tepat. Mungkin ada kebingungan soal tanda saat mengganti x dengan -1. Coba cek lagi langkah substitusinya dengan teliti:\n\n- Ganti x di setiap suku: $x^3$ menjadi $(-1)^3$, $-2x^2$ menjadi $-2\\cdot((-1)^2)$, dan $x$ menjadi $(-1)$.\n- Evaluasi masing-masing bagian dengan tanda yang tepat, lalu jumlahkan.\n\nPastikan setiap bagian dihitung secara terpisah dulu sebelum dijumlahkan. Jika kamu mau, kita bisa cek langkah demi langkah bersama-sama tanpa langsung menuliskan jawaban akhirnya."" 
}",
28,Sederhanakan: –3(x – 2) + 2(x + 1),"Aduh, ribet amat. Jawabannya 5x – 4 aja deh.",Correct Response + Response Contingent,"{
  ""Feedback_Type"": ""Correct Response + Response Contingent"",
  ""Feedback"": ""Kamu sudah mencoba. Jawabanmu 5x - 4 tidak sesuai dengan langkah penyederhanaan yang benar. Ini kesalahan umum: mendistribusikan tanda kurung tidak konsisten dan menggabungkan suku-suku sejenis secara salah. Coba cek langkah-langkah berikut (tanpa menyelesaikan akhir):\n- Distribusikan setiap kurung: $-3(x-2) = -3x + 6$, dan $2(x+1) = 2x + 2$.\n- Gabungkan suku yang sejenis: koefisien x adalah -3x dan 2x; konstanta berasal dari 6 dan 2.\n- Tuliskan dua bagian hasilnya: bagian koefisien x dan bagian konstanta.\nCoba ulangi langkah-langkahnya dan kirim lagi. Aku di sini untuk bantu kalau kamu mau.""
}","{'Feedback_Type': 'Correct Response + Response Contingent', 'Feedback': 'Kamu sudah mencoba. Jawabanmu 5x - 4 tidak sesuai dengan langkah penyederhanaan yang benar. Ini kesalahan umum: mendistribusikan tanda kurung tidak konsisten dan menggabungkan suku-suku sejenis secara salah. Coba cek langkah-langkah berikut (tanpa menyelesaikan akhir):\n- Distribusikan setiap kurung: $-3(x-2) = -3x + 6$, dan $2(x+1) = 2x + 2$.\n- Gabungkan suku yang sejenis: koefisien x adalah -3x dan 2x; konstanta berasal dari 6 dan 2.\n- Tuliskan dua bagian hasilnya: bagian koefisien x dan bagian konstanta.\nCoba ulangi langkah-langkahnya dan kirim lagi. Aku di sini untuk bantu kalau kamu mau.'}"
29,"Jika a = 2, b = –1, maka nilai dari a^2 + ab – b^2 adalah....","Hmm, kalau gak salah, jawabannya 3 deh.",Correct Response + Response Contingent,"{
  ""Feedback_Type"": ""Response Contingent - Salah"",
  ""Feedback"": ""Keren kamu udah berani menebak. Sepertinya ada kesalahan pada tanda di depan b^2. Dalam ekspresi $a^2 + ab - b^2$, tanda sebelum $b^2$ adalah minus, bukan plus. Coba cek lagi langkah substitusinya: masukkan $a=2$ dan $b=-1$ ke bagian-bagian utama, yaitu $a^2$, $ab$, dan $-b^2$, dengan memperhatikan tanda yang tepat. Karena $b^2 = (-1)^2 = 1$, bagian terakhir tetap bernilai negatif. Ulangi perhitungannya dengan menjaga tanda itu. Jika mau, ceritakan bagaimana kamu memeriksa tiap bagian setelah substitusi.""
}","{'Feedback_Type': 'Response Contingent - Salah', 'Feedback': 'Keren kamu udah berani menebak. Sepertinya ada kesalahan pada tanda di depan b^2. Dalam ekspresi $a^2 + ab - b^2$, tanda sebelum $b^2$ adalah minus, bukan plus. Coba cek lagi langkah substitusinya: masukkan $a=2$ dan $b=-1$ ke bagian-bagian utama, yaitu $a^2$, $ab$, dan $-b^2$, dengan memperhatikan tanda yang tepat. Karena $b^2 = (-1)^2 = 1$, bagian terakhir tetap bernilai negatif. Ulangi perhitungannya dengan menjaga tanda itu. Jika mau, ceritakan bagaimana kamu memeriksa tiap bagian setelah substitusi.'}"
30,Nilai dari (2x + 1)(x – 4) jika x = 3 adalah....,"Aduh, ribet amat! Kan (2(3) + 1)(3 – 4) = (7)(-1). Jadi, hasilnya 7.",Correct Response + Topic Contingent,"{
  ""Feedback_Type"": ""Correct Response + Topic Contingent"",
  ""Feedback"": ""Senang kamu mulai dengan substitusi x = 3. Namun ada kesalahan pada tanda hasil perkalian. Coba periksa langkahnya:\n- \\\(2x+1\\\) dengan x = 3 menjadi \\\\(2\\cdot 3 + 1 = 7\\\\).\n- \\\\(x-4\\\\) dengan x = 3 menjadi \\\\(3-4 = -1\\\\).\nKarena salah satu faktor bernilai negatif, hasil perkalian seharusnya bernilai negatif. Kamu menuliskan hasil positif, jadi tandanya tidak sesuai. Coba cek lagi tanda pada kurung kedua dan bagaimana itu memengaruhi hasil akhirnya.\nTips singkat:\n- Evaluasi setiap faktor terlebih dahulu, lalu kalikan kedua hasilnya.\n- Jika ada satu faktor negatif, hasilnya negatif; jika ada dua faktor negatif, hasilnya positif.\n- Gunakan prinsip tanda: bilangan positif dikalikan dengan (-1) menghasilkan tanda negatif.""
}",
31,Sederhanakan: (5x + 2) – (2x – 3),"Aduh, susah. Jadi 3x - 1, ya kan?",Correct Response + Response Contingent,"{
  ""Feedback_Type"": ""Correct Response + Response Contingent"",
  ""Feedback"": ""Hei! Kamu nggak sendirian; soal aljabar bisa bikin bingung. Kesalahannya ada pada cara mendistribusikan tanda minus terhadap kurung kedua. Saat ada minus di depan kurung, tanda di dalam kurung juga berubah. Yang benar: $-(2x - 3) = -2x + 3$. Jadi kita bisa tulis ulang sebagai $(5x + 2) - (2x - 3) = (5x + 2) - 2x + 3$. Selanjutnya, gabungkan suku-suku sejenis (suku x dengan x, konstanta dengan konstanta). Coba ulang langkahnya sekarang ya. Kalau masih bingung, kita cek bareng langkah demi langkah.""
}","{'Feedback_Type': 'Correct Response + Response Contingent', 'Feedback': 'Hei! Kamu nggak sendirian; soal aljabar bisa bikin bingung. Kesalahannya ada pada cara mendistribusikan tanda minus terhadap kurung kedua. Saat ada minus di depan kurung, tanda di dalam kurung juga berubah. Yang benar: $-(2x - 3) = -2x + 3$. Jadi kita bisa tulis ulang sebagai $(5x + 2) - (2x - 3) = (5x + 2) - 2x + 3$. Selanjutnya, gabungkan suku-suku sejenis (suku x dengan x, konstanta dengan konstanta). Coba ulang langkahnya sekarang ya. Kalau masih bingung, kita cek bareng langkah demi langkah.'}"
32,"Jika x = 3 dan y = 2, maka nilai dari x^2 – y^2 adalah...","Gini nih, harusnya 9 + 4, jadi 13, dong. Kan kuadrat semua.",Correct Response + Response Contingent,"{
  ""Feedback_Type"": ""Correct Response + Response Contingent"",
  ""Feedback"": ""Kamu sudah menghitung kuadratnya dengan benar, tetapi tanda operasi di antara keduanya bikin salah. Dalam $x^2 - y^2$, tanda di antara keduanya adalah minus, bukan plus. Kamu menuliskan 9 + 4 karena mengira keduanya dijumlahkan. Coba cek langkahnya: 1) hitung kuadrat masing-masing bilangan, yaitu $x^2$ dan $y^2$; 2) gabungkan nilai itu menggunakan tanda minus: $x^2 - y^2$. Perhatikan bagaimana tanda itu mengubah hasil akhirnya. Ayo kamu coba ulang langkah-langkahnya sekarang, ya.""
}","{'Feedback_Type': 'Correct Response + Response Contingent', 'Feedback': 'Kamu sudah menghitung kuadratnya dengan benar, tetapi tanda operasi di antara keduanya bikin salah. Dalam $x^2 - y^2$, tanda di antara keduanya adalah minus, bukan plus. Kamu menuliskan 9 + 4 karena mengira keduanya dijumlahkan. Coba cek langkahnya: 1) hitung kuadrat masing-masing bilangan, yaitu $x^2$ dan $y^2$; 2) gabungkan nilai itu menggunakan tanda minus: $x^2 - y^2$. Perhatikan bagaimana tanda itu mengubah hasil akhirnya. Ayo kamu coba ulang langkah-langkahnya sekarang, ya.'}"
33,Bentuk sederhana dari 2(x + y) – 3(x – y) adalah....,Bukannya jadi 5x – y ya? Itu kan cuma dikurang-kurang biasa aja.,Verification + Delayed Correct Response + Response Contingent,"{
  ""Feedback_Type"": ""Verification + Delayed Correct Response + Response Contingent"",
  ""Feedback"": ""Halo! Terima kasih sudah mencoba.\n\nSepertinya ada kesalahan pada tanda saat menggabungkan suku saat bentuk sederhana. Jawabanmu 5x – y tidak sesuai dengan langkah ekspansi yang benar.\n\nLangkah yang bisa kamu ikuti:\n\n- Ekspansi:\n  $2(x+y) = 2x + 2y$\n  $-3(x - y) = -3x + 3y$\n\n- Gabungkan suku-suku sejenis:\n  koefisien x: 2 + (-3) = ?\n  koefisien y: 2 + 3 = ?\n\n- Susun bentuk sederhana sebagai (koefisien_x)·x + (koefisien_y)·y.\n\nCoba isi bagian yang kosong ini dan cek kembali jawabanmu. Kalau perlu, ceritakan langkah-langkah yang kamu pakai supaya kita bisa lihat di mana letak salahnya. Kamu pasti bisa!""
}","{'Feedback_Type': 'Verification + Delayed Correct Response + Response Contingent', 'Feedback': 'Halo! Terima kasih sudah mencoba.\n\nSepertinya ada kesalahan pada tanda saat menggabungkan suku saat bentuk sederhana. Jawabanmu 5x – y tidak sesuai dengan langkah ekspansi yang benar.\n\nLangkah yang bisa kamu ikuti:\n\n- Ekspansi:\n  $2(x+y) = 2x + 2y$\n  $-3(x - y) = -3x + 3y$\n\n- Gabungkan suku-suku sejenis:\n  koefisien x: 2 + (-3) = ?\n  koefisien y: 2 + 3 = ?\n\n- Susun bentuk sederhana sebagai (koefisien_x)·x + (koefisien_y)·y.\n\nCoba isi bagian yang kosong ini dan cek kembali jawabanmu. Kalau perlu, ceritakan langkah-langkah yang kamu pakai supaya kita bisa lihat di mana letak salahnya. Kamu pasti bisa!'}"
34,Hasil dari 3a(2a – 1) adalah....,"Gini nih, harusnya 6a - 3 aja, kan?",Try again + Delayed Topic Contingent,"{
  ""Feedback_Type"": ""Try again + Delayed Topic Contingent"",
  ""Feedback"": ""Kesalahanmu: kamu tidak mendistribusikan $3a$ ke seluruh suku di dalam tanda kurung. Coba lihat lagi: kamu perlu mengalikan $3a$ dengan setiap suku di dalam kurung ($2a$ dan $-1$). Ingat aturan pangkat: $a \\\\cdot a = a^2$, jadi penyebaran akan menghasilkan suku dengan $a^2$ dan suku dengan $a$. Coba ulangi langkahnya dengan menuliskan setiap hasil perkalian secara terpisah, agar tidak ada suku yang terlewat. Setelah itu, gabungkan suku-suku sejenis untuk merapikan polinomialnya. Nanti kita akan lanjut ke topik terkait sifat distributif dan penyederhanaan polinomial kuadrat agar kamu bisa lebih mantap mengecek jawabanmu.""
}",
35,"Jika x = 0, y = 3, maka nilai dari 4x – y^2 adalah....","Kayaknya hasilnya 9 deh, soalnya 4 kali 0 kan 0, terus 3 kuadrat 9.",Correct Response + Response Contingent,"{
  ""Feedback_Type"": ""Correct Response + Response Contingent"",
  ""Feedback"": ""Bagus, kamu sudah memulai dengan mengecek bagian-bagian ekspresi. Kamu benar bahwa jika $x = 0$ maka $4x = 0$, dan jika $y = 3$ maka $y^2 = 9$. Namun perhatikan tanda operasinya di dalam ekspresi $4x - y^2$. Operasi antara kedua bagian tersebut adalah pengurangan, bukan penjumlahan. Jadi langkah yang benar adalah menuliskan $4x - y^2$ sebagai $0 - 9$. Hasilnya akan bernilai negatif (bukan 9). Coba ulangi perhitungannya dengan mengikuti langkah-langkah ini, dan sebutkan jawaban akhirnya setelah memastikan tanda operasinya. Tips singkat: hitung dahulu bagian-bagiannya ($4x = 0$, $y^2 = 9$), lalu lakukan pengurangan: $0 - 9$.""
}","{'Feedback_Type': 'Correct Response + Response Contingent', 'Feedback': 'Bagus, kamu sudah memulai dengan mengecek bagian-bagian ekspresi. Kamu benar bahwa jika $x = 0$ maka $4x = 0$, dan jika $y = 3$ maka $y^2 = 9$. Namun perhatikan tanda operasinya di dalam ekspresi $4x - y^2$. Operasi antara kedua bagian tersebut adalah pengurangan, bukan penjumlahan. Jadi langkah yang benar adalah menuliskan $4x - y^2$ sebagai $0 - 9$. Hasilnya akan bernilai negatif (bukan 9). Coba ulangi perhitungannya dengan mengikuti langkah-langkah ini, dan sebutkan jawaban akhirnya setelah memastikan tanda operasinya. Tips singkat: hitung dahulu bagian-bagiannya ($4x = 0$, $y^2 = 9$), lalu lakukan pengurangan: $0 - 9$.'}"
36,Hasil dari –(3x – 2) + (x + 5) adalah....,"Waduh, ini kan cuma ditambahin aja, jadi -3x + x = -2x. Terus 2 + 5 = 7. Jadi -2x + 7. Eh, salah ya? Jadi -4x + 3 deh!",Correct Response + Response Contingent,,
37,"Jika a = 1 dan b = –3, maka nilai dari ab – 2a + b adalah....",Kayanya 2 deh.,Try again + Delayed Topic Content,"{
  ""Feedback_Type"": ""Try again + Delayed Topic Content"",
  ""Feedback"": ""Mantap dengan SPK dan SAL tinggi. Sepertinya ada kesalahan saat menjumlahkan komponen ekspresi. Coba cek ulang langkah-langkah berikut (tanpa langsung menuliskan jawaban akhirnya):\n\n- Tuliskan ekspresi: $ab - 2a + b$ dengan $a=1$, $b=-3$.\n- Hitung setiap bagian secara terpisah: $ab = a\\cdot b$, $-2a = -2\\cdot a$, dan $b$.\n- Gantilah nilai ke dalam ekspresi: $ab - 2a + b = (a\\cdot b) + (-2\\cdot a) + b$.\n- Substitusikan nilai: $(1\\cdot b) + (-2\\cdot 1) + b$ lalu lanjutkan dengan penjumlahan berurutan (perhatikan tanda).\n\nInti yang perlu dicek: tanda-tanda pada setiap bagian dan urutan penjumlahan, karena kesalahan kecil di sana bisa mengubah hasil akhir.\n\nDelay Topic Content: untuk pembelajaran berikutnya, kita akan memperkenalkan cara menggunakan properti distributif untuk menyederhanakan ekspresi seperti ini, misalnya menulis sebagai $a(b-2) + b$, sehingga perhitungannya bisa lebih cepat.""
}",
38,Hasil dari (2x + 3)(x – 1) adalah....,"Ah, gampang nih, hasilnya 2x^2 – 3.",Try again + Delayed Topic Content,"{
  ""Feedback_Type"": ""Try again + Delayed Topic Content"",
  ""Feedback"": ""Kamu hampir tepat, tetapi ada yang terlewat. Jawabanmu kehilangan satu suku tengah yang harusnya muncul ketika mengalikan kedua kurung. Gunakan properti distributif/FOIL: $(2x+3)(x-1) = (2x)(x) + (2x)(-1) + 3(x) + 3(-1)$. Dari langkah tersebut, kita mendapat empat bagian yang kemudian disederhanakan menjadi tiga bagian utama: satu suku kuadrat, satu suku linear, dan satu konstan; suku linear berasal dari penjumlahan dua suku linear tadi. Coba ulang lagi dengan langkah-langkah di atas dan pastikan semua suku diperhitungkan dengan benar. Jika perlu, cek dengan nilai x tertentu untuk memastikan konsistensi. Nantikan pembahasan berikutnya tentang FOIL/distributive property dan cara menggabungkan suku-suku sejenis agar tidak terlewat.""
}","{'Feedback_Type': 'Try again + Delayed Topic Content', 'Feedback': 'Kamu hampir tepat, tetapi ada yang terlewat. Jawabanmu kehilangan satu suku tengah yang harusnya muncul ketika mengalikan kedua kurung. Gunakan properti distributif/FOIL: $(2x+3)(x-1) = (2x)(x) + (2x)(-1) + 3(x) + 3(-1)$. Dari langkah tersebut, kita mendapat empat bagian yang kemudian disederhanakan menjadi tiga bagian utama: satu suku kuadrat, satu suku linear, dan satu konstan; suku linear berasal dari penjumlahan dua suku linear tadi. Coba ulang lagi dengan langkah-langkah di atas dan pastikan semua suku diperhitungkan dengan benar. Jika perlu, cek dengan nilai x tertentu untuk memastikan konsistensi. Nantikan pembahasan berikutnya tentang FOIL/distributive property dan cara menggabungkan suku-suku sejenis agar tidak terlewat.'}"
39,Nilai dari 2(x – 1) + 3(x + 4) adalah....,"Yah, jawabannya 5x + 10, kan? *pikirku*",Try again + Delayed Topic Contingent,,
40,Sederhanakan: 5m – (2m – 4),"Duh, ini mah gampang. Jawabannya 3m - 4 kan?",Correct Response + Topic Contingent,"{
  ""Feedback_Type"": ""Correct Response + Topic Contingent"",
  ""Feedback"": ""Bagus bahwa kamu merasa soalnya mudah — itu tanda SPK kamu cukup tinggi. Namun ada kesalahan pada tanda saat menghapus kurung: jawabanmu 3m - 4 menunjukkan tanda minus di depan kurung tidak diterapkan ke semua suku di dalamnya. Padahal aturan aljabar yang relevan adalah $a - (b - c) = a - b + c$; tanda minus di depan kurung membuat suku di dalam kurung berubah tanda. Langkah penting yang perlu diingat: $5m - (2m - 4) = 5m - 2m + 4$. Coba lanjutkan dengan menyederhanakan lagi untuk melihat bagaimana koefisien $m$ dan konstanta berubah. Kalau mau, kita bisa latihan bareng lagi dan aku bantu cek langkah-langkahnya.""
}","{'Feedback_Type': 'Correct Response + Topic Contingent', 'Feedback': 'Bagus bahwa kamu merasa soalnya mudah — itu tanda SPK kamu cukup tinggi. Namun ada kesalahan pada tanda saat menghapus kurung: jawabanmu 3m - 4 menunjukkan tanda minus di depan kurung tidak diterapkan ke semua suku di dalamnya. Padahal aturan aljabar yang relevan adalah $a - (b - c) = a - b + c$; tanda minus di depan kurung membuat suku di dalam kurung berubah tanda. Langkah penting yang perlu diingat: $5m - (2m - 4) = 5m - 2m + 4$. Coba lanjutkan dengan menyederhanakan lagi untuk melihat bagaimana koefisien $m$ dan konstanta berubah. Kalau mau, kita bisa latihan bareng lagi dan aku bantu cek langkah-langkahnya.'}"
41,"Bentuk aljabar dari ""tiga kali jumlah p dan q"" adalah....","Ah, gampang! 3p + q, kan?",Try again + Delayed Topic Contingent,"{
  ""Feedback_Type"": ""Try again + Delayed Topic Contingent"",
  ""Feedback"": ""Wah, angkanya bagus! Namun ada kesalahan dalam penerapan sifat distributif. Ketika bentuknya adalah tiga kali jumlah (p + q), 3 seharusnya mengalikan kedua anggota di dalam kurung, bukan hanya satu dari keduanya. Gunakan hukum distributif: a*(b+c) = a*b + a*c. Jadi, karena ada 3 di depan (p + q), pastikan setiap anggota dalam jumlah tersebut dikalikan 3. Coba perbaiki jawabanmu dan hitung ulang.""
}","{'Feedback_Type': 'Try again + Delayed Topic Contingent', 'Feedback': 'Wah, angkanya bagus! Namun ada kesalahan dalam penerapan sifat distributif. Ketika bentuknya adalah tiga kali jumlah (p + q), 3 seharusnya mengalikan kedua anggota di dalam kurung, bukan hanya satu dari keduanya. Gunakan hukum distributif: a*(b+c) = a*b + a*c. Jadi, karena ada 3 di depan (p + q), pastikan setiap anggota dalam jumlah tersebut dikalikan 3. Coba perbaiki jawabanmu dan hitung ulang.'}"
42,Nilai dari (2x^2 – 3x + 1) saat x = 1 adalah....,"Gini nih, gampang! Jawabannya 4, kan?",Correct Response + Response Contingent,,
43,"Jika a = –3, maka nilai dari a^2 – 4a adalah....","Kayaknya hasilnya 9, deh. Aku kaliin aja 3 sama 3, terus kurangin 4 kali 3, jadi 9 dikurang 12.",Try again + Delayed Topic Content,"{
  ""Feedback_Type"": ""Try again + Delayed Topic Content"",
  ""Feedback"": ""Halo! Kamu hampir benar. Sepertinya bagian hitung untuk -4a belum tepat. Saat a = -3, perhatikan tanda di depan 4: -4a = (-4)(-3). Karena kedua angka negatif dikalikan, hasilnya positif. Kamu sudah benar menuliskan a^2 sebagai (-3)^2, jadi jadikan bentuknya: $a^2 - 4a = (-3)^2 - 4(-3)$. Perhatikan bahwa bagian kedua perlu memperhitungkan tanda negatif sehingga menghasilkan bilangan positif. Coba lanjutkan dengan menjumlahkan kedua bagian tersebut. Nanti kita bahas topik tanda-tanda pada operasi aljabar lebih lanjut ya.""
}","{'Feedback_Type': 'Try again + Delayed Topic Content', 'Feedback': 'Halo! Kamu hampir benar. Sepertinya bagian hitung untuk -4a belum tepat. Saat a = -3, perhatikan tanda di depan 4: -4a = (-4)(-3). Karena kedua angka negatif dikalikan, hasilnya positif. Kamu sudah benar menuliskan a^2 sebagai (-3)^2, jadi jadikan bentuknya: $a^2 - 4a = (-3)^2 - 4(-3)$. Perhatikan bahwa bagian kedua perlu memperhitungkan tanda negatif sehingga menghasilkan bilangan positif. Coba lanjutkan dengan menjumlahkan kedua bagian tersebut. Nanti kita bahas topik tanda-tanda pada operasi aljabar lebih lanjut ya.'}"
44,"Jika x = 2, y = –1, maka nilai dari 3x – 4y adalah....","Duh, 3(2) kan 6, terus 4(-1) jadi -4, jadi 6-4=2! Harusnya 2, kan?",Correct Response + Response Contingent,"{
  ""Feedback_Type"": ""Correct Response + Response Contingent"",
  ""Feedback"": ""Kamu sudah mulai dengan substitusi: 3(2) = 6, jadi bagian pertama sudah benar. Namun ada kesalahan pada bagian -4y. Dengan y = -1, (-4) × (-1) = +4, jadi hasil dari -4y tidak sama dengan -4. Ekspresinya menjadi $3\\cdot 2 - 4\\cdot(-1)$. Karena y bernilai negatif, perkalian (-4) dengan (-1) memberi tanda positif. Coba lanjutkan dengan menghitung masing-masing bagian secara terpisah dan gabungkan hasilnya: substitusi lengkap ($x=2$, $y=-1$) menjadi $3\\cdot 2 - 4\\cdot(-1)$, lalu kerjakan operasinya. Kamu bisa lanjutkan sendiri sekarang; kalau mau aku bantu langkah demi langkah lagi, bilang ya.""
}",
45,Hasil dari (x – 3)(x + 3) adalah....,Kayaknya hasilnya x^2 + 9 deh.,Correct Response + Topic Contingent,,
46,Sederhanakan: 4p + 3q – 2p – q,"Ah, gampang nih! Jawabannya 6p + 4q kan?",Try again + Delayed Topic Contingent,"{
  ""Feedback_Type"": ""Try again + Delayed Topic Contingent"",
  ""Feedback"": ""Wah, kamu cepat banget! Kamu punya SPK dan SAL yang tinggi, jadi ayo kita cek langkahnya lagi. Kesalahanmu muncul pada cara menggabungkan suku-suku sejenis. Dalam ekspresi 4p + 3q – 2p – q, sebaiknya kita pisah dulu suku dengan variabel yang sama. Coba cek langkah ini: $4p - 2p = (4-2)p$ dan $3q - q = (3-1)q$. Jadi ekspresi itu bisa dilihat sebagai jumlah dari dua bagian ini: $(4-2)p + (3-1)q$. Tuliskan langkah-langkahnya satu per satu dan pastikan koefisien untuk p dan untuk q telah diproses dengan benar sebelum digabungkan. Topik terkait seperti cara menggabungkan suku sejenis akan kita ulas lagi nanti untuk memperkuat pemahamanmu.”
}",
47,Hasil pengurangan (6y + 4) – (2y + 7) adalah....,"Hmm, gampang! Kayaknya 8y + 11 deh?",Correct Response + Response Contingent,"{
  ""Feedback_Type"": ""Correct Response + Response Contingent"",
  ""Feedback"": ""Wah, kamu sudah mencoba soal ini. Jawabanmu $8y+11$ belum tepat, ya. Kemungkinan besar kamu tidak menerapkan tanda minus pada seluruh suku di dalam kurung kedua. Ingat aturan: saat menghitung $(6y+4) - (2y+7)$, tanda minus di depan kurungan kedua seharusnya diterapkan ke setiap suku di dalamnya, jadi $-(2y+7) = -2y - 7$.\n\nLangkah yang bisa kamu lakukan sekarang (tanpa memberikan jawaban akhir):\n- Pisahkan menjadi dua bagian: bagian yang mengandung $y$ dan bagian konstanta. Lakukan pengurangan untuk masing-masing bagian secara terpisah.\n- Tulis ulang operasi dengan tanda yang benar, contohnya pada bagian koefisien $y$ dan bagian konstan. Kemudian gabungkan keduanya menjadi satu ekspresi aljabar.\n\nCoba perbaiki dengan langkah-langkah di atas dan jelaskan langkah-langkah yang kamu pakai. Kamu bisa!""
}","{'Feedback_Type': 'Correct Response + Response Contingent', 'Feedback': 'Wah, kamu sudah mencoba soal ini. Jawabanmu $8y+11$ belum tepat, ya. Kemungkinan besar kamu tidak menerapkan tanda minus pada seluruh suku di dalam kurung kedua. Ingat aturan: saat menghitung $(6y+4) - (2y+7)$, tanda minus di depan kurungan kedua seharusnya diterapkan ke setiap suku di dalamnya, jadi $-(2y+7) = -2y - 7$.\n\nLangkah yang bisa kamu lakukan sekarang (tanpa memberikan jawaban akhir):\n- Pisahkan menjadi dua bagian: bagian yang mengandung $y$ dan bagian konstanta. Lakukan pengurangan untuk masing-masing bagian secara terpisah.\n- Tulis ulang operasi dengan tanda yang benar, contohnya pada bagian koefisien $y$ dan bagian konstan. Kemudian gabungkan keduanya menjadi satu ekspresi aljabar.\n\nCoba perbaiki dengan langkah-langkah di atas dan jelaskan langkah-langkah yang kamu pakai. Kamu bisa!'}"
48,Hasil dari (x + 2) + (x – 5) adalah....,"Aduh, gampang! x^2 - 3.",Correct Response + Topic Contingent,"{
  ""Feedback_Type"": ""Correct Response + Topic Contingent"",
  ""Feedback"": ""Wah, kamu punya pemahaman umum yang kuat untuk topik aljabar. Namun jawaban yang kamu berikan mengandung kesalahan konsep. Jawabanmu $x^2 - 3$ muncul karena sepertinya kamu menilai penjumlahan $(x+2)+(x-5)$ seperti operasi lain (misalnya mengalikan $x$ dengan $x$). Hanya menambahkan ekspresi seperti itu tidak akan menghasilkan kuadrat. Untuk soal ini, kita perlu menjumlahkan suku yang sejenis.\n\nLangkah yang benar (tanpa menyimpulkan jawaban akhirnya): tulis ekspresi sebagai jumlah suku terpisah: $(x+2)+(x-5) = x + 2 + x - 5$. Lalu gabungkan suku yang sejenis: bagian $x$ dengan bagian $x$, dan bagian konstanta dengan konstanta. Fokus pada dua hal ini: koefisien dari $x$, dan nilai konstan.\n\nTips cepat: pastikan kamu menuliskan setiap bagian tanpa mengubah operasinya, baru kemudian gabungkan. Cek tanda pada bagian konstanta, karena $+2$ dan $-5$ memiliki tanda berbeda.\n\nKamu bisa coba lagi sekarang. Karena kamu punya SPK tinggi, aku yakin kamu bisa memperbaikinya. Jika mau, kita bisa kerjakan langkah demi langkah bersama-sama hingga kamu merasa yakin.""
}","{'Feedback_Type': 'Correct Response + Topic Contingent', 'Feedback': 'Wah, kamu punya pemahaman umum yang kuat untuk topik aljabar. Namun jawaban yang kamu berikan mengandung kesalahan konsep. Jawabanmu $x^2 - 3$ muncul karena sepertinya kamu menilai penjumlahan $(x+2)+(x-5)$ seperti operasi lain (misalnya mengalikan $x$ dengan $x$). Hanya menambahkan ekspresi seperti itu tidak akan menghasilkan kuadrat. Untuk soal ini, kita perlu menjumlahkan suku yang sejenis.\n\nLangkah yang benar (tanpa menyimpulkan jawaban akhirnya): tulis ekspresi sebagai jumlah suku terpisah: $(x+2)+(x-5) = x + 2 + x - 5$. Lalu gabungkan suku yang sejenis: bagian $x$ dengan bagian $x$, dan bagian konstanta dengan konstanta. Fokus pada dua hal ini: koefisien dari $x$, dan nilai konstan.\n\nTips cepat: pastikan kamu menuliskan setiap bagian tanpa mengubah operasinya, baru kemudian gabungkan. Cek tanda pada bagian konstanta, karena $+2$ dan $-5$ memiliki tanda berbeda.\n\nKamu bisa coba lagi sekarang. Karena kamu punya SPK tinggi, aku yakin kamu bisa memperbaikinya. Jika mau, kita bisa kerjakan langkah demi langkah bersama-sama hingga kamu merasa yakin.'}"
49,"Bentuk aljabar dari ""hasil kali 5 dan y"" adalah....","Hasil kali 5 sama y? Hmm, 5 + y aja deh.",Verification + Delayed Correct Response + Response Contingent,"{
  ""Feedback_Type"": ""Verification + Delayed Correct Response + Response Contingent"",
  ""Feedback"": ""Kamu sudah mencoba, tapi ada salah paham di kata 'hasil kali'. 'Hasil kali' berarti operasi perkalian, bukan penjumlahan. Coba cek dengan contoh sederhana: jika y = 2, produk antara 5 dan y adalah 10, sedangkan penjumlahan antara 5 dan y adalah 7. Dari situ terlihat perbedaan keduanya. Langkah perbaikan: revisi jawabanmu dengan menyatakan bahwa kita mengalikan 5 dengan y (bukan menambahnya). Periksa lagi arti kata kunci pada soal dan jelaskan mengapa jawabanmu tadi tidak tepat serta bagaimana arti kata kunci memandu jawabanmu. Kalau perlu, buat satu contoh kecil untuk membuktikan perbedaan antara perkalian dan penjumlahan.""
}","{'Feedback_Type': 'Verification + Delayed Correct Response + Response Contingent', 'Feedback': ""Kamu sudah mencoba, tapi ada salah paham di kata 'hasil kali'. 'Hasil kali' berarti operasi perkalian, bukan penjumlahan. Coba cek dengan contoh sederhana: jika y = 2, produk antara 5 dan y adalah 10, sedangkan penjumlahan antara 5 dan y adalah 7. Dari situ terlihat perbedaan keduanya. Langkah perbaikan: revisi jawabanmu dengan menyatakan bahwa kita mengalikan 5 dengan y (bukan menambahnya). Periksa lagi arti kata kunci pada soal dan jelaskan mengapa jawabanmu tadi tidak tepat serta bagaimana arti kata kunci memandu jawabanmu. Kalau perlu, buat satu contoh kecil untuk membuktikan perbedaan antara perkalian dan penjumlahan.""}"
50,"Bentuk aljabar dari ""selisih x dan 7"" adalah....","Hmm, 7 dikurangi x kali ya?",Correct Response + Response Contingent,"{
  ""Feedback_Type"": ""Correct Response + Response Contingent"",
  ""Feedback"": ""Kamu sudah menimbang inti soal, tetapi urutan kata pada frasa 'selisih x dan 7' itu penting. Selisih antara dua bilangan mengikuti urutan penyebutannya: bilangan yang disebut pertama dikurangi bilangan yang disebut kedua. Dalam kalimat itu, bilangan pertama adalah x dan bilangan kedua adalah 7, jadi susunannya mengikuti urutan tersebut. Coba cek lagi dengan nilai x yang berbeda untuk melihat bagaimana hasilnya berubah jika urutan pengurangan tetap sesuai penyebutan. Tips praktis: baca soal dengan saksama, identifikasi dua bilangan yang disebut, lalu tulis selisihnya mengikuti urutan yang disebutkan. Semangat ya, kamu bisa!""
}","{'Feedback_Type': 'Correct Response + Response Contingent', 'Feedback': ""Kamu sudah menimbang inti soal, tetapi urutan kata pada frasa 'selisih x dan 7' itu penting. Selisih antara dua bilangan mengikuti urutan penyebutannya: bilangan yang disebut pertama dikurangi bilangan yang disebut kedua. Dalam kalimat itu, bilangan pertama adalah x dan bilangan kedua adalah 7, jadi susunannya mengikuti urutan tersebut. Coba cek lagi dengan nilai x yang berbeda untuk melihat bagaimana hasilnya berubah jika urutan pengurangan tetap sesuai penyebutan. Tips praktis: baca soal dengan saksama, identifikasi dua bilangan yang disebut, lalu tulis selisihnya mengikuti urutan yang disebutkan. Semangat ya, kamu bisa!""}"
